--USE [Tateeda.Clires.DB]

INSERT INTO [dbo].[CodeType]
           ([Id]
           ,[Name]
           ,[Description]
           ,[SortOrder]
           ,[CreatedOn]
           ,[UpdatedOn]
           ,[CreatedBy]
           ,[UpdatedBy]
           ,[IsActive])
VALUES
	(1, 'Form Type','Used for Forms types',0,'2012-08-15 18:49:39.257','2012-08-15 18:49:39.257','SYSTEM','SYSTEM',1),
	(2, 'Appointment Form Status','Used for Appt Form Status',0,'2012-08-15 18:50:17.023','2012-08-15 18:50:17.023','SYSTEM','SYSTEM',1),
	(3, 'Visit Type','Used For Visit types',0,'2012-08-15 18:59:20.983','2012-08-15 18:59:20.983','SYSTEM','SYSTEM',1),
	(4, 'Appointment Status Type','Use to track state of visit progress for Visit',0,'2012-08-15 19:06:07.270','2012-08-15 19:06:07.270','SYSTEM','SYSTEM',1),
	(5, 'Form Layout Type','Use to display form',0,'2012-08-15 20:06:25.760','2012-08-15 20:06:25.760','SYSTEM','SYSTEM',1),
	(6, 'Field Data Type','CssType: Question types such as radio, text and so on',0,'2012-08-16 14:32:54.580','2012-08-16 14:32:54.580','SYSTEM','SYSTEM',1),
	(7, 'Message Status Type','Messaging types',0,'2012-08-16 14:47:21.467','2012-08-16 14:47:21.467','SYSTEM','SYSTEM',1),
	(8, 'Drug Type','Use for Drugs types',0,'2012-08-16 14:48:03.723','2012-08-16 14:48:03.723','SYSTEM','SYSTEM',1),
	(9, 'Entity Status Type','General Status',0,'2012-08-20 13:13:29.887','2012-08-20 13:13:29.887','SYSTEM','SYSTEM',1),
	(10,'Gender','Gender',0,'2012-09-07 13:55:00.940','2012-09-07 13:55:00.940','SYSTEM','SYSTEM',1),
	(11,'Phone Type','Phone Type',0,'2012-09-07 13:55:00.940','2012-09-07 13:55:00.940','SYSTEM','SYSTEM',1),
	(12,'Address Type','Address Type',0,'2012-09-07 13:55:00.940','2012-09-07 13:55:00.940','SYSTEM','SYSTEM',1),
	(13,'Contact Type','Contact Type',0,'2012-09-07 13:55:00.940','2012-09-07 13:55:00.940','SYSTEM','SYSTEM',1),
	--NEW--
	(14,'Reason Stopped','Reason Drug Stopped',0,'2012-09-07 13:55:00.940','2012-09-07 13:55:00.940','SYSTEM','SYSTEM',1),
	(15,'Reason Type','Drug Reason Type',0,'2012-09-07 13:55:00.940','2012-09-07 13:55:00.940','SYSTEM','SYSTEM',1),
	(16,'Treatment Induced','Drug Treatment Induced',0,'2012-09-07 13:55:00.940','2012-09-07 13:55:00.940','SYSTEM','SYSTEM',1),
	(17,'Dosage Type','Drug Dosage Type',0,'2012-09-07 13:55:00.940','2012-09-07 13:55:00.940','SYSTEM','SYSTEM',1),
	(18,'Multiple Trials','Drug Multiple Trials',0,'2012-09-07 13:55:00.940','2012-09-07 13:55:00.940','SYSTEM','SYSTEM',1)

GO

INSERT INTO [dbo].[Code]
           ([Id]
           ,[CodeTypeId]
           ,[EnumId]
           ,[Name]
           ,[Description]
           ,[SortOrder]
           ,[CreatedOn]
           ,[UpdatedOn]
           ,[CreatedBy]
           ,[UpdatedBy]
           ,[IsActive])
     VALUES
(1, 1,1,'Default Form','Default Form','0','2012-08-15 18:51:11.067','2012-08-15 18:51:11.067','SYSTEM','SYSTEM',1),
(2, 1,2,'Lab Form','Lab form',1,'2012-08-15 18:51:44.190','2012-08-15 18:51:44.190','SYSTEM','SYSTEM',1),

(3, 2,1,'Completed','Completed Form Status','0','2012-08-15 18:52:13.707','2012-08-15 18:52:13.707','SYSTEM','SYSTEM',1),
(4, 2,2,'In Progress','In Progress Form',1,'2012-08-15 18:53:06.467','2012-08-15 18:53:06.467','SYSTEM','SYSTEM',1),
(5, 2,3,'Canceled','Form was canceled',2,'2012-08-15 18:53:34.987','2012-08-15 18:53:34.987','SYSTEM','SYSTEM',1),
(6, 2,4,'Not Started','Form Has not been worked on yet',4,'2012-08-15 18:56:18.647','2012-08-15 18:56:18.647','SYSTEM','SYSTEM',1),
(7, 2,5,'Forced Close','Form forced to be closed',3,'2012-08-15 18:54:09.050','2012-08-15 18:54:09.050','SYSTEM','SYSTEM',1),
(8, 2,6,'Needs Review','Form needs to be reviewed',5,'2012-08-15 18:54:51.540','2012-08-15 18:54:51.540','SYSTEM','SYSTEM',1),
(9, 2,7,'Needs Approval','Form needs to be approved',5,'2012-08-15 18:55:33.280','2012-08-15 18:55:33.280','SYSTEM','SYSTEM',1),
(10,2,8,'Rejected','Form is rejected','0','2012-09-07 14:09:26.810','2012-09-07 14:09:26.810','SYSTEM','SYSTEM',1),

(11,3,1,'Office Visit','Scheduled Office visit','0','2012-08-15 18:59:59.463','2012-08-15 18:59:59.463','SYSTEM','SYSTEM',1),
(12,3,2,'Walk-In','Un scheduled walk in visit',1,'2012-08-15 19:00:25.533','2012-08-15 19:00:25.533','SYSTEM','SYSTEM',1),
(13,3,3,'Online Remote','On Line Visit',2,'2012-08-15 19:01:34.653','2012-08-15 19:01:34.653','SYSTEM','SYSTEM',1),
(14,3,4,'On Behalf Of','On behalf of',3,'2012-08-15 19:03:10.097','2012-08-15 19:03:10.097','SYSTEM','SYSTEM',1),

(15,4,1,'Scheduled','Scheduled','0','2012-08-15 19:06:54.123','2012-08-15 19:06:54.123','SYSTEM','SYSTEM',1),
(16,4,2,'In Progress','In Progress',1,'2012-08-15 19:07:16.717','2012-08-15 19:07:16.717','SYSTEM','SYSTEM',1),
(17,4,3,'Needs Follow Up Visit','Needs Follow Up Visit',2,'2012-08-15 19:08:00.543','2012-08-15 19:08:00.543','SYSTEM','SYSTEM',1),
(18,4,4,'Completed','Completed',3,'2012-08-15 19:08:20.173','2012-08-15 19:08:20.173','SYSTEM','SYSTEM',1),
(19,4,5,'Require More Data','Require More Data',4,'2012-08-15 19:08:55.820','2012-08-15 19:08:55.820','SYSTEM','SYSTEM',1),
(20,4,6,'Canceled','Canceled',5,'2012-08-15 19:10:04.283','2012-08-15 19:10:04.283','SYSTEM','SYSTEM',1),
(21,4,7,'No Show','Client did not show up',6,'2012-08-15 19:10:51.857','2012-08-15 19:10:51.857','SYSTEM','SYSTEM',1),

(22,5,1,'Horizontal','Horizontal form layout','0','2012-08-15 20:06:53.440','2012-08-15 20:06:53.440','SYSTEM','SYSTEM',1),
(23,5,2,'Vertical','Vertical Form Layout',1,'2012-08-15 20:07:15.610','2012-08-15 20:07:15.610','SYSTEM','SYSTEM',1),
(24,5,3,'2-Tabs','Two tabs layout',2,'2012-08-15 20:07:44.117','2012-08-15 20:07:44.117','SYSTEM','SYSTEM',1),
(25,5,4,'3-Tabs','Three tabs form layout',3,'2012-08-15 20:08:10.570','2012-08-15 20:08:10.570','SYSTEM','SYSTEM',1),

(26,6,1,'radio','Radio','0','2012-08-16 14:53:23.603','2012-08-16 14:53:23.603','SYSTEM','SYSTEM',1),
(27,6,2,'checkbox','Checkbox','0','2012-08-16 14:53:23.603','2012-08-16 14:53:23.603','SYSTEM','SYSTEM',1),
(28,6,3,'text-short','Text-short','0','2012-08-16 14:53:23.603','2012-08-16 14:53:23.603','SYSTEM','SYSTEM',1),
(29,6,4,'text-long','Text-long','0','2012-08-16 14:53:23.603','2012-08-16 14:53:23.603','SYSTEM','SYSTEM',1),
(30,6,5,'text-medium','Text-medium','0','2012-08-16 14:53:23.603','2012-08-16 14:53:23.603','SYSTEM','SYSTEM',1),
(31,6,6,'select','Select','0','2012-08-16 14:53:23.603','2012-08-16 14:53:23.603','SYSTEM','SYSTEM',1),
(32,6,7,'number','text-mini','0','2012-08-16 14:53:23.603','2012-08-16 14:53:23.603','SYSTEM','SYSTEM',1),
(33,6,8,'date','date','0','2012-08-16 14:53:23.603','2012-08-16 14:53:23.603','SYSTEM','SYSTEM',1),

(34,7,1,'Delivered','Message delivered','0','2012-08-16 14:54:30.927','2012-08-16 14:54:30.927','SYSTEM','SYSTEM',1),
(35,7,2,'In Progress','Message delivery in progress','0','2012-08-16 14:54:52.747','2012-08-16 14:54:52.747','SYSTEM','SYSTEM',1),
(36,7,3,'Failed','Delivery Failed','0','2012-08-16 14:55:07.647','2012-08-16 14:55:07.647','SYSTEM','SYSTEM',1),
(37,7,4,'Re-Trying','Re try to deliver message','0','2012-08-16 14:55:28.720','2012-08-16 14:55:28.720','SYSTEM','SYSTEM',1),

(38,8,1,'Prescription','Prescription','0','2012-08-16 14:56:43.290','2012-08-16 14:56:43.290','SYSTEM','SYSTEM',1),
(39,8,2,'OTC','OTC','0','2012-08-16 14:56:43.290','2012-08-16 14:56:43.290','SYSTEM','SYSTEM',1),
(40,8,3,'Recreational','Recreational','0','2012-08-16 14:56:43.290','2012-08-16 14:56:43.290','SYSTEM','SYSTEM',1),

(41,9,1,'Current','Current','0','2012-08-20 13:14:09.117','2012-08-20 13:14:09.117','SYSTEM','SYSTEM',1),
(42,9,2,'Deleted','Deleted',1,'2012-08-20 13:15:05.270','2012-08-20 13:15:05.270','SYSTEM','SYSTEM',1),
(43,9,3,'Disabled','Disabled','0','2012-08-20 13:15:17.730','2012-08-20 13:15:17.730','SYSTEM','SYSTEM',1),
(44,6,9,'Archived','Archived','0','2012-08-16 14:53:23.603','2012-08-16 14:53:23.603','SYSTEM','SYSTEM',1),

(45,10,1,'Male','Male','0','2012-09-07 14:09:06.500','2012-09-07 14:09:06.500','SYSTEM','SYSTEM',1),
(46,10,2,'Female','Female','0','2012-09-07 14:09:26.810','2012-09-07 14:09:26.810','SYSTEM','SYSTEM',1),

(47,11,1,'Office','Office','0','2012-09-07 14:09:26.810','2012-09-07 14:09:26.810','SYSTEM','SYSTEM',1),
(48,11,2,'Home','Home','0','2012-09-07 14:09:26.810','2012-09-07 14:09:26.810','SYSTEM','SYSTEM',1),
(49,11,3,'Cell','Cell','0','2012-09-07 14:09:26.810','2012-09-07 14:09:26.810','SYSTEM','SYSTEM',1),

(50,12,1,'Office','Office','0','2012-09-07 14:09:26.810','2012-09-07 14:09:26.810','SYSTEM','SYSTEM',1),
(51,12,2,'Home','Home','0','2012-09-07 14:09:26.810','2012-09-07 14:09:26.810','SYSTEM','SYSTEM',1),

(52,13,1,'Subject','Subject','0','2012-09-07 14:09:26.810','2012-09-07 14:09:26.810','SYSTEM','SYSTEM',1),
(53,13,2,'AppUser','AppUser','0','2012-09-07 14:09:26.810','2012-09-07 14:09:26.810','SYSTEM','SYSTEM',1),
(54,13,3,'Other','Other','0','2012-09-07 14:09:26.810','2012-09-07 14:09:26.810','SYSTEM','SYSTEM',1),

(55, 14, 1, N'Still Taking', N'Still Taking', 0, CAST(0x0000A0FB010FBFFC AS DateTime), CAST(0x0000A0FB010FBFFC AS DateTime), N'SYSTEM', N'SYSTEM', 1),
(56, 14, 2, N'No Longer Needed', N'No Longer Needed', 0, CAST(0x0000A0FB010FE4CC AS DateTime), CAST(0x0000A0FB010FE4CC AS DateTime), N'SYSTEM', N'SYSTEM', 1),
(57, 14, 3, N'Side Effect', N'Side Effect', 0, CAST(0x0000A0FB010FFC0E AS DateTime), CAST(0x0000A0FB010FFC0E AS DateTime), N'SYSTEM', N'SYSTEM', 1),
(58, 14, 4, N'No Response', N'No Response', 0, CAST(0x0000A0FB01101B61 AS DateTime), CAST(0x0000A0FB01101B61 AS DateTime), N'SYSTEM', N'SYSTEM', 1),
(59, 14, 5, N'Unknown', N'Unknown', 0, CAST(0x0000A0FB011035DB AS DateTime), CAST(0x0000A0FB011035DB AS DateTime), N'SYSTEM', N'SYSTEM', 1),
(60, 15, 1, N'No/Poor', N'No/Poor', 0, CAST(0x0000A0FB01107FE0 AS DateTime), CAST(0x0000A0FB01107FE0 AS DateTime), N'SYSTEM', N'SYSTEM', 1),
(61, 15, 2, N'Inadequate Trial', N'Inadequate Trial', 0, CAST(0x0000A0FB0110A063 AS DateTime), CAST(0x0000A0FB0110A063 AS DateTime), N'SYSTEM', N'SYSTEM', 1),
(62, 15, 3, N'Moderate/Partial', N'Moderate/Partial', 0, CAST(0x0000A0FB0110BA45 AS DateTime), CAST(0x0000A0FB0110BA45 AS DateTime), N'SYSTEM', N'SYSTEM', 1),
(63, 15, 4, N'Good Response', N'Good Response', 0, CAST(0x0000A0FB0110D6EE AS DateTime), CAST(0x0000A0FB0110D6EE AS DateTime), N'SYSTEM', N'SYSTEM', 1),
(64, 15, 5, N'Unknown', N'Unknown', 0, CAST(0x0000A0FB0110EC06 AS DateTime), CAST(0x0000A0FB0110EC06 AS DateTime), N'SYSTEM', N'SYSTEM', 1),
(65, 16, 1, N'Unknown', N'Unknown', 0, CAST(0x0000A0FB01112318 AS DateTime), CAST(0x0000A0FB01112318 AS DateTime), N'SYSTEM', N'SYSTEM', 1),
(66, 16, 2, N'Activation', N'Activation', 0, CAST(0x0000A0FB01112DF7 AS DateTime), CAST(0x0000A0FB01112DF7 AS DateTime), N'SYSTEM', N'SYSTEM', 1),
(67, 16, 3, N'Met Criteria', N'Met Criteria', 0, CAST(0x0000A0FB0111771D AS DateTime), CAST(0x0000A0FB0111771D AS DateTime), N'SYSTEM', N'SYSTEM', 1),
(68, 16, 4, N'Did not met criteria', N'Did not met criteria', 0, CAST(0x0000A0FB0111C110 AS DateTime), CAST(0x0000A0FB0111C110 AS DateTime), N'SYSTEM', N'SYSTEM', 1),
(69, 16, 5, N'N/A', N'N/A', 0, CAST(0x0000A0FB0111D4BE AS DateTime), CAST(0x0000A0FB0111D4BE AS DateTime), N'SYSTEM', N'SYSTEM', 1),
(70, 17, 1, N'MG', N'MG', 0, CAST(0x0000A0FB01125633 AS DateTime), CAST(0x0000A0FB01125633 AS DateTime), N'SYSTEM', N'SYSTEM', 1),
(71, 17, 2, N'ML', N'ML', 0, CAST(0x0000A0FB011268BD AS DateTime), CAST(0x0000A0FB011268BD AS DateTime), N'SYSTEM', N'SYSTEM', 1),
(72, 17, 3, N'Other', N'Other', 0, CAST(0x0000A0FB01127BD8 AS DateTime), CAST(0x0000A0FB01127BD8 AS DateTime), N'SYSTEM', N'SYSTEM', 1),
(73, 18, 1, N'No', N'No (not a multi trial)', 0, CAST(0x0000A0FB0112B7E8 AS DateTime), CAST(0x0000A0FB0112B7E8 AS DateTime), N'SYSTEM', N'SYSTEM', 1),
(74, 18, 2, N'Yes', N'Yes (multi trial)', 0, CAST(0x0000A0FB0112CCEF AS DateTime), CAST(0x0000A0FB0112CCEF AS DateTime), N'SYSTEM', N'SYSTEM', 1),
(75, 18, 3, N'Unknown', N'Unknown', 0, CAST(0x0000A0FB0113098B AS DateTime), CAST(0x0000A0FB0113098B AS DateTime), N'SYSTEM', N'SYSTEM', 1)

GO

INSERT INTO [dbo].[TimeZone]
           ([Id]
           ,[Name]
           ,[Description]
           ,[Offset]
           ,[SortOrder]
           ,[Status]
           ,[CreatedOn]
           ,[UpdatedOn]
           ,[CreatedBy]
           ,[UpdatedBy]
           ,[IsActive])
     VALUES
           
		   (1, 'Greenwich, England', 'Western Hemisphere', 0, 0, 1, GETUTCDATE(), GETUTCDATE(), 'SYSTEM', 'SYSTEM', 1),
		   (2, 'SE Greenland', 'Western Hemisphere', -1, 0, 1, GETUTCDATE(), GETUTCDATE(), 'SYSTEM', 'SYSTEM', 1),
		   (3, 'Atlantic Ocean', 'Western Hemisphere', -2, 0, 1, GETUTCDATE(), GETUTCDATE(), 'SYSTEM', 'SYSTEM', 1),
		   (4, 'Greenland Time', 'Western Hemisphere', -3, 0, 1, GETUTCDATE(), GETUTCDATE(), 'SYSTEM', 'SYSTEM', 1),		   
		   (5, 'Newfoundland Time', 'Western Hemisphere', -3.5, 0, 1, GETUTCDATE(), GETUTCDATE(), 'SYSTEM', 'SYSTEM', 1),		   
		   (6, 'Atlantic Time', 'Western Hemisphere', -4, 0, 1, GETUTCDATE(), GETUTCDATE(), 'SYSTEM', 'SYSTEM', 1),
		   (8, 'Eastern Standard Time', 'Western Hemisphere', -5, 0, 1, GETUTCDATE(), GETUTCDATE(), 'SYSTEM', 'SYSTEM', 1),
		   (9, 'Central Standard Time', 'Western Hemisphere', -6, 0, 1, GETUTCDATE(), GETUTCDATE(), 'SYSTEM', 'SYSTEM', 1),
		   (10, 'Mountain Standard Time', 'Western Hemisphere', -7, 0, 1, GETUTCDATE(), GETUTCDATE(), 'SYSTEM', 'SYSTEM', 1),
		   (11, 'Pacific Standard Time', 'Western Hemisphere', -8, 0, 1, GETUTCDATE(), GETUTCDATE(), 'SYSTEM', 'SYSTEM', 1),
		   (12, 'Alaska Time', 'Western Hemisphere', -9, 0, 1, GETUTCDATE(), GETUTCDATE(), 'SYSTEM', 'SYSTEM', 1),
		   (13, 'Hawaii', 'Western Hemisphere', -10, 0, 1, GETUTCDATE(), GETUTCDATE(), 'SYSTEM', 'SYSTEM', 1),
		   (14, 'Pacific Ocean', 'Western Hemisphere', -11, 0, 1, GETUTCDATE(), GETUTCDATE(), 'SYSTEM', 'SYSTEM', 1),
		   (15, 'International Date Line', 'Western Hemisphere', -5, 0, 1, GETUTCDATE(), GETUTCDATE(), 'SYSTEM', 'SYSTEM', 1),
		   (16, 'Mid Europe/Africa', 'Eastern Hemisphere', 1, 0, 1, GETUTCDATE(), GETUTCDATE(), 'SYSTEM', 'SYSTEM', 1),
		   (17, 'E Europe, E Central Africa', 'Eastern Hemisphere', 2, 0, 1, GETUTCDATE(), GETUTCDATE(), 'SYSTEM', 'SYSTEM', 1),
		   (18, 'Moscow, Mid-East, E Africa', 'Eastern Hemisphere', 3, 0, 1, GETUTCDATE(), GETUTCDATE(), 'SYSTEM', 'SYSTEM', 1),
		   (19, 'NW Caspian Sea', 'Eastern Hemisphere', 4, 0, 1, GETUTCDATE(), GETUTCDATE(), 'SYSTEM', 'SYSTEM', 1),
		   (20, 'Ural Mountains, Russia', 'Eastern Hemisphere', 5, 0, 1, GETUTCDATE(), GETUTCDATE(), 'SYSTEM', 'SYSTEM', 1),
		   (21, 'Almaty (Alma ATA), Russia', 'Eastern Hemisphere', 6, 0, 1, GETUTCDATE(), GETUTCDATE(), 'SYSTEM', 'SYSTEM', 1),
		   (22, 'W Mongolia', 'Eastern Hemisphere', 7, 0, 1, GETUTCDATE(), GETUTCDATE(), 'SYSTEM', 'SYSTEM', 1),
		   (23, 'China', 'Eastern Hemisphere', 8, 0, 1, GETUTCDATE(), GETUTCDATE(), 'SYSTEM', 'SYSTEM', 1),
		   (24, 'Japan', 'Eastern Hemisphere', 9, 0, 1, GETUTCDATE(), GETUTCDATE(), 'SYSTEM', 'SYSTEM', 1),
		   (25, 'Eastern Russia, Sydney, Australia', 'Eastern Hemisphere', 10, 0, 1, GETUTCDATE(), GETUTCDATE(), 'SYSTEM', 'SYSTEM', 1),
		   (26, 'Kamchatskiy, E Russia', 'Eastern Hemisphere', 11, 0, 1, GETUTCDATE(), GETUTCDATE(), 'SYSTEM', 'SYSTEM', 1),
		   (27, 'Iran', 'Eastern Hemisphere', 3.5, 0, 1, GETUTCDATE(), GETUTCDATE(), 'SYSTEM', 'SYSTEM', 1),
		   (28, 'Afghanistan', 'Eastern Hemisphere', 4.5, 0, 1, GETUTCDATE(), GETUTCDATE(), 'SYSTEM', 'SYSTEM', 1),
		   (29, 'India', 'Eastern Hemisphere', 5.5, 0, 1, GETUTCDATE(), GETUTCDATE(), 'SYSTEM', 'SYSTEM', 1),
		   (30, 'Burma', 'Eastern Hemisphere', 6.5, 0, 1, GETUTCDATE(), GETUTCDATE(), 'SYSTEM', 'SYSTEM', 1),
		   (31, 'Mid Australia', 'Eastern Hemisphere', 9.5, 0, 1, GETUTCDATE(), GETUTCDATE(), 'SYSTEM', 'SYSTEM', 1)
		   
GO

INSERT INTO [dbo].[Country]
           ([Id]
		   ,[Name]                 
           ,[Abbr]
		   ,[Iso3]
           ,[FlagImgUrl]
           ,[SortOrder]
           ,[Status]
           ,[CreatedOn]
           ,[UpdatedOn]
           ,[CreatedBy]
           ,[UpdatedBy]
           ,[IsActive])
     VALUES
(1,'United States','United States of America','USA',NULL,0,1,'9/10/2012','9/10/2012','SYSTEM','SYSTEM',1),
(2,'Canada','Canada','CAN',NULL,0,1,'9/10/2012','9/10/2012','SYSTEM','SYSTEM',1),
(3,'Afghanistan','Islamic Republic of Afghanistan','AFG',NULL,0,1,'9/10/2012','9/10/2012','SYSTEM','SYSTEM',1),
(4,'Aland Islands','&Aring;land Islands','ALA',NULL,0,1,'9/10/2012','9/10/2012','SYSTEM','SYSTEM',1),
(5,'Albania','Republic of Albania','ALB',NULL,0,1,'9/10/2012','9/10/2012','SYSTEM','SYSTEM',1),
(6,'Algeria','People''s Democratic Republic of Algeria','DZA',NULL,0,1,'9/10/2012','9/10/2012','SYSTEM','SYSTEM',1),
(7,'American Samoa','American Samoa','ASM',NULL,0,1,'9/10/2012','9/10/2012','SYSTEM','SYSTEM',1),
(8,'Andorra','Principality of Andorra','AND',NULL,0,1,'9/10/2012','9/10/2012','SYSTEM','SYSTEM',1),
(9,'Angola','Republic of Angola','AGO',NULL,0,1,'9/10/2012','9/10/2012','SYSTEM','SYSTEM',1),
(10,'Anguilla','Anguilla','AIA',NULL,0,1,'9/10/2012','9/10/2012','SYSTEM','SYSTEM',1),
(11,'Antarctica','Antarctica','ATA',NULL,0,1,'9/10/2012','9/10/2012','SYSTEM','SYSTEM',1),
(12,'Antigua and Barbuda','Antigua and Barbuda','ATG',NULL,0,1,'9/10/2012','9/10/2012','SYSTEM','SYSTEM',1),
(13,'Argentina','Argentine Republic','ARG',NULL,0,1,'9/10/2012','9/10/2012','SYSTEM','SYSTEM',1),
(14,'Armenia','Republic of Armenia','ARM',NULL,0,1,'9/10/2012','9/10/2012','SYSTEM','SYSTEM',1),
(15,'Aruba','Aruba','ABW',NULL,0,1,'9/10/2012','9/10/2012','SYSTEM','SYSTEM',1),
(16,'Australia','Commonwealth of Australia','AUS',NULL,0,1,'9/10/2012','9/10/2012','SYSTEM','SYSTEM',1),
(17,'Austria','Republic of Austria','AUT',NULL,0,1,'9/10/2012','9/10/2012','SYSTEM','SYSTEM',1),
(18,'Azerbaijan','Republic of Azerbaijan','AZE',NULL,0,1,'9/10/2012','9/10/2012','SYSTEM','SYSTEM',1),
(19,'Bahamas','Commonwealth of The Bahamas','BHS',NULL,0,1,'9/10/2012','9/10/2012','SYSTEM','SYSTEM',1),
(20,'Bahrain','Kingdom of Bahrain','BHR',NULL,0,1,'9/10/2012','9/10/2012','SYSTEM','SYSTEM',1),
(21,'Bangladesh','People''s Republic of Bangladesh','BGD',NULL,0,1,'9/10/2012','9/10/2012','SYSTEM','SYSTEM',1),
(22,'Barbados','Barbados','BRB',NULL,0,1,'9/10/2012','9/10/2012','SYSTEM','SYSTEM',1),
(23,'Belarus','Republic of Belarus','BLR',NULL,0,1,'9/10/2012','9/10/2012','SYSTEM','SYSTEM',1),
(24,'Belgium','Kingdom of Belgium','BEL',NULL,0,1,'9/10/2012','9/10/2012','SYSTEM','SYSTEM',1),
(25,'Belize','Belize','BLZ',NULL,0,1,'9/10/2012','9/10/2012','SYSTEM','SYSTEM',1),
(26,'Benin','Republic of Benin','BEN',NULL,0,1,'9/10/2012','9/10/2012','SYSTEM','SYSTEM',1),
(27,'Bermuda','Bermuda Islands','BMU',NULL,0,1,'9/10/2012','9/10/2012','SYSTEM','SYSTEM',1),
(28,'Bhutan','Kingdom of Bhutan','BTN',NULL,0,1,'9/10/2012','9/10/2012','SYSTEM','SYSTEM',1),
(29,'Bolivia','Plurinational State of Bolivia','BOL',NULL,0,1,'9/10/2012','9/10/2012','SYSTEM','SYSTEM',1),
(30,'Bonaire, Sint Eustatius and Saba','Bonaire, Sint Eustatius and Saba','BES',NULL,0,1,'9/10/2012','9/10/2012','SYSTEM','SYSTEM',1),
(31,'Bosnia and Herzegovina','Bosnia and Herzegovina','BIH',NULL,0,1,'9/10/2012','9/10/2012','SYSTEM','SYSTEM',1),
(32,'Botswana','Republic of Botswana','BWA',NULL,0,1,'9/10/2012','9/10/2012','SYSTEM','SYSTEM',1),
(33,'Bouvet Island','Bouvet Island','BVT',NULL,0,1,'9/10/2012','9/10/2012','SYSTEM','SYSTEM',1),
(34,'Brazil','Federative Republic of Brazil','BRA',NULL,0,1,'9/10/2012','9/10/2012','SYSTEM','SYSTEM',1),
(35,'British Indian Ocean Territory','British Indian Ocean Territory','IOT',NULL,0,1,'9/10/2012','9/10/2012','SYSTEM','SYSTEM',1),
(36,'Brunei','Brunei Darussalam','BRN',NULL,0,1,'9/10/2012','9/10/2012','SYSTEM','SYSTEM',1),
(37,'Bulgaria','Republic of Bulgaria','BGR',NULL,0,1,'9/10/2012','9/10/2012','SYSTEM','SYSTEM',1),
(38,'Burkina Faso','Burkina Faso','BFA',NULL,0,1,'9/10/2012','9/10/2012','SYSTEM','SYSTEM',1),
(39,'Burundi','Republic of Burundi','BDI',NULL,0,1,'9/10/2012','9/10/2012','SYSTEM','SYSTEM',1),
(40,'Cambodia','Kingdom of Cambodia','KHM',NULL,0,1,'9/10/2012','9/10/2012','SYSTEM','SYSTEM',1),
(41,'Cameroon','Republic of Cameroon','CMR',NULL,0,1,'9/10/2012','9/10/2012','SYSTEM','SYSTEM',1),
(42,'Cape Verde','Republic of Cape Verde','CPV',NULL,0,1,'9/10/2012','9/10/2012','SYSTEM','SYSTEM',1),
(43,'Cayman Islands','The Cayman Islands','CYM',NULL,0,1,'9/10/2012','9/10/2012','SYSTEM','SYSTEM',1),
(44,'Central African Republic','Central African Republic','CAF',NULL,0,1,'9/10/2012','9/10/2012','SYSTEM','SYSTEM',1),
(45,'Chad','Republic of Chad','TCD',NULL,0,1,'9/10/2012','9/10/2012','SYSTEM','SYSTEM',1),
(46,'Chile','Republic of Chile','CHL',NULL,0,1,'9/10/2012','9/10/2012','SYSTEM','SYSTEM',1),
(47,'China','People''s Republic of China','CHN',NULL,0,1,'9/10/2012','9/10/2012','SYSTEM','SYSTEM',1),
(48,'Christmas Island','Christmas Island','CXR',NULL,0,1,'9/10/2012','9/10/2012','SYSTEM','SYSTEM',1),
(49,'Cocos (Keeling) Islands','Cocos (Keeling) Islands','CCK',NULL,0,1,'9/10/2012','9/10/2012','SYSTEM','SYSTEM',1),
(50,'Colombia','Republic of Colombia','COL',NULL,0,1,'9/10/2012','9/10/2012','SYSTEM','SYSTEM',1),
(51,'Comoros','Union of the Comoros','COM',NULL,0,1,'9/10/2012','9/10/2012','SYSTEM','SYSTEM',1),
(52,'Congo','Republic of the Congo','COG',NULL,0,1,'9/10/2012','9/10/2012','SYSTEM','SYSTEM',1),
(53,'Cook Islands','Cook Islands','COK',NULL,0,1,'9/10/2012','9/10/2012','SYSTEM','SYSTEM',1),
(54,'Costa Rica','Republic of Costa Rica','CRI',NULL,0,1,'9/10/2012','9/10/2012','SYSTEM','SYSTEM',1),
(55,'Cote d''ivoire (Ivory Coast)','Republic of C&ocirc;te D''Ivoire (Ivory Coast)','CIV',NULL,0,1,'9/10/2012','9/10/2012','SYSTEM','SYSTEM',1),
(56,'Croatia','Republic of Croatia','HRV',NULL,0,1,'9/10/2012','9/10/2012','SYSTEM','SYSTEM',1),
(57,'Cuba','Republic of Cuba','CUB',NULL,0,1,'9/10/2012','9/10/2012','SYSTEM','SYSTEM',1),
(58,'Curacao','Cura&ccedil;ao','CUW',NULL,0,1,'9/10/2012','9/10/2012','SYSTEM','SYSTEM',1),
(59,'Cyprus','Republic of Cyprus','CYP',NULL,0,1,'9/10/2012','9/10/2012','SYSTEM','SYSTEM',1),
(60,'Czech Republic','Czech Republic','CZE',NULL,0,1,'9/10/2012','9/10/2012','SYSTEM','SYSTEM',1),
(61,'Democratic Republic of the Congo','Democratic Republic of the Congo','COD',NULL,0,1,'9/10/2012','9/10/2012','SYSTEM','SYSTEM',1),
(62,'Denmark','Kingdom of Denmark','DNK',NULL,0,1,'9/10/2012','9/10/2012','SYSTEM','SYSTEM',1),
(63,'Djibouti','Republic of Djibouti','DJI',NULL,0,1,'9/10/2012','9/10/2012','SYSTEM','SYSTEM',1),
(64,'Dominica','Commonwealth of Dominica','DMA',NULL,0,1,'9/10/2012','9/10/2012','SYSTEM','SYSTEM',1),
(65,'Dominican Republic','Dominican Republic','DOM',NULL,0,1,'9/10/2012','9/10/2012','SYSTEM','SYSTEM',1),
(66,'Ecuador','Republic of Ecuador','ECU',NULL,0,1,'9/10/2012','9/10/2012','SYSTEM','SYSTEM',1),
(67,'Egypt','Arab Republic of Egypt','EGY',NULL,0,1,'9/10/2012','9/10/2012','SYSTEM','SYSTEM',1),
(68,'El Salvador','Republic of El Salvador','SLV',NULL,0,1,'9/10/2012','9/10/2012','SYSTEM','SYSTEM',1),
(69,'Equatorial Guinea','Republic of Equatorial Guinea','GNQ',NULL,0,1,'9/10/2012','9/10/2012','SYSTEM','SYSTEM',1),
(70,'Eritrea','State of Eritrea','ERI',NULL,0,1,'9/10/2012','9/10/2012','SYSTEM','SYSTEM',1),
(71,'Estonia','Republic of Estonia','EST',NULL,0,1,'9/10/2012','9/10/2012','SYSTEM','SYSTEM',1),
(72,'Ethiopia','Federal Democratic Republic of Ethiopia','ETH',NULL,0,1,'9/10/2012','9/10/2012','SYSTEM','SYSTEM',1),
(73,'Falkland Islands (Malvinas)','The Falkland Islands (Malvinas)','FLK',NULL,0,1,'9/10/2012','9/10/2012','SYSTEM','SYSTEM',1),
(74,'Faroe Islands','The Faroe Islands','FRO',NULL,0,1,'9/10/2012','9/10/2012','SYSTEM','SYSTEM',1),
(75,'Fiji','Republic of Fiji','FJI',NULL,0,1,'9/10/2012','9/10/2012','SYSTEM','SYSTEM',1),
(76,'Finland','Republic of Finland','FIN',NULL,0,1,'9/10/2012','9/10/2012','SYSTEM','SYSTEM',1),
(77,'France','French Republic','FRA',NULL,0,1,'9/10/2012','9/10/2012','SYSTEM','SYSTEM',1),
(78,'French Guiana','French Guiana','GUF',NULL,0,1,'9/10/2012','9/10/2012','SYSTEM','SYSTEM',1),
(79,'French Polynesia','French Polynesia','PYF',NULL,0,1,'9/10/2012','9/10/2012','SYSTEM','SYSTEM',1),
(80,'French Southern Territories','French Southern Territories','ATF',NULL,0,1,'9/10/2012','9/10/2012','SYSTEM','SYSTEM',1),
(81,'Gabon','Gabonese Republic','GAB',NULL,0,1,'9/10/2012','9/10/2012','SYSTEM','SYSTEM',1),
(82,'Gambia','Republic of The Gambia','GMB',NULL,0,1,'9/10/2012','9/10/2012','SYSTEM','SYSTEM',1),
(83,'Georgia','Georgia','GEO',NULL,0,1,'9/10/2012','9/10/2012','SYSTEM','SYSTEM',1),
(84,'Germany','Federal Republic of Germany','DEU',NULL,0,1,'9/10/2012','9/10/2012','SYSTEM','SYSTEM',1),
(85,'Ghana','Republic of Ghana','GHA',NULL,0,1,'9/10/2012','9/10/2012','SYSTEM','SYSTEM',1),
(86,'Gibraltar','Gibraltar','GIB',NULL,0,1,'9/10/2012','9/10/2012','SYSTEM','SYSTEM',1),
(87,'Greece','Hellenic Republic','GRC',NULL,0,1,'9/10/2012','9/10/2012','SYSTEM','SYSTEM',1),
(88,'Greenland','Greenland','GRL',NULL,0,1,'9/10/2012','9/10/2012','SYSTEM','SYSTEM',1),
(89,'Grenada','Grenada','GRD',NULL,0,1,'9/10/2012','9/10/2012','SYSTEM','SYSTEM',1),
(90,'Guadaloupe','Guadeloupe','GLP',NULL,0,1,'9/10/2012','9/10/2012','SYSTEM','SYSTEM',1),
(91,'Guam','Guam','GUM',NULL,0,1,'9/10/2012','9/10/2012','SYSTEM','SYSTEM',1),
(92,'Guatemala','Republic of Guatemala','GTM',NULL,0,1,'9/10/2012','9/10/2012','SYSTEM','SYSTEM',1),
(93,'Guernsey','Guernsey','GGY',NULL,0,1,'9/10/2012','9/10/2012','SYSTEM','SYSTEM',1),
(94,'Guinea','Republic of Guinea','GIN',NULL,0,1,'9/10/2012','9/10/2012','SYSTEM','SYSTEM',1),
(95,'Guinea-Bissau','Republic of Guinea-Bissau','GNB',NULL,0,1,'9/10/2012','9/10/2012','SYSTEM','SYSTEM',1),
(96,'Guyana','Co-operative Republic of Guyana','GUY',NULL,0,1,'9/10/2012','9/10/2012','SYSTEM','SYSTEM',1),
(97,'Haiti','Republic of Haiti','HTI',NULL,0,1,'9/10/2012','9/10/2012','SYSTEM','SYSTEM',1),
(98,'Heard Island and McDonald Islands','Heard Island and McDonald Islands','HMD',NULL,0,1,'9/10/2012','9/10/2012','SYSTEM','SYSTEM',1),
(99,'Honduras','Republic of Honduras','HND',NULL,0,1,'9/10/2012','9/10/2012','SYSTEM','SYSTEM',1),
(100,'Hong Kong','Hong Kong','HKG',NULL,0,1,'9/10/2012','9/10/2012','SYSTEM','SYSTEM',1),
(101,'Hungary','Hungary','HUN',NULL,0,1,'9/10/2012','9/10/2012','SYSTEM','SYSTEM',1),
(102,'Iceland','Republic of Iceland','ISL',NULL,0,1,'9/10/2012','9/10/2012','SYSTEM','SYSTEM',1),
(103,'India','Republic of India','IND',NULL,0,1,'9/10/2012','9/10/2012','SYSTEM','SYSTEM',1),
(104,'Indonesia','Republic of Indonesia','IDN',NULL,0,1,'9/10/2012','9/10/2012','SYSTEM','SYSTEM',1),
(105,'Iran','Islamic Republic of Iran','IRN',NULL,0,1,'9/10/2012','9/10/2012','SYSTEM','SYSTEM',1),
(106,'Iraq','Republic of Iraq','IRQ',NULL,0,1,'9/10/2012','9/10/2012','SYSTEM','SYSTEM',1),
(107,'Ireland','Ireland','IRL',NULL,0,1,'9/10/2012','9/10/2012','SYSTEM','SYSTEM',1),
(108,'Isle of Man','Isle of Man','IMN',NULL,0,1,'9/10/2012','9/10/2012','SYSTEM','SYSTEM',1),
(109,'Israel','State of Israel','ISR',NULL,0,1,'9/10/2012','9/10/2012','SYSTEM','SYSTEM',1),
(110,'Italy','Italian Republic','ITA',NULL,0,1,'9/10/2012','9/10/2012','SYSTEM','SYSTEM',1),
(111,'Jamaica','Jamaica','JAM',NULL,0,1,'9/10/2012','9/10/2012','SYSTEM','SYSTEM',1),
(112,'Japan','Japan','JPN',NULL,0,1,'9/10/2012','9/10/2012','SYSTEM','SYSTEM',1),
(113,'Jersey','The Bailiwick of Jersey','JEY',NULL,0,1,'9/10/2012','9/10/2012','SYSTEM','SYSTEM',1),
(114,'Jordan','Hashemite Kingdom of Jordan','JOR',NULL,0,1,'9/10/2012','9/10/2012','SYSTEM','SYSTEM',1),
(115,'Kazakhstan','Republic of Kazakhstan','KAZ',NULL,0,1,'9/10/2012','9/10/2012','SYSTEM','SYSTEM',1),
(116,'Kenya','Republic of Kenya','KEN',NULL,0,1,'9/10/2012','9/10/2012','SYSTEM','SYSTEM',1),
(117,'Kiribati','Republic of Kiribati','KIR',NULL,0,1,'9/10/2012','9/10/2012','SYSTEM','SYSTEM',1),
(118,'Kosovo','Republic of Kosovo','---',NULL,0,1,'9/10/2012','9/10/2012','SYSTEM','SYSTEM',1),
(119,'Kuwait','State of Kuwait','KWT',NULL,0,1,'9/10/2012','9/10/2012','SYSTEM','SYSTEM',1),
(120,'Kyrgyzstan','Kyrgyz Republic','KGZ',NULL,0,1,'9/10/2012','9/10/2012','SYSTEM','SYSTEM',1),
(121,'Laos','Lao People''s Democratic Republic','LAO',NULL,0,1,'9/10/2012','9/10/2012','SYSTEM','SYSTEM',1),
(122,'Latvia','Republic of Latvia','LVA',NULL,0,1,'9/10/2012','9/10/2012','SYSTEM','SYSTEM',1),
(123,'Lebanon','Republic of Lebanon','LBN',NULL,0,1,'9/10/2012','9/10/2012','SYSTEM','SYSTEM',1),
(124,'Lesotho','Kingdom of Lesotho','LSO',NULL,0,1,'9/10/2012','9/10/2012','SYSTEM','SYSTEM',1),
(125,'Liberia','Republic of Liberia','LBR',NULL,0,1,'9/10/2012','9/10/2012','SYSTEM','SYSTEM',1),
(126,'Libya','Libya','LBY',NULL,0,1,'9/10/2012','9/10/2012','SYSTEM','SYSTEM',1),
(127,'Liechtenstein','Principality of Liechtenstein','LIE',NULL,0,1,'9/10/2012','9/10/2012','SYSTEM','SYSTEM',1),
(128,'Lithuania','Republic of Lithuania','LTU',NULL,0,1,'9/10/2012','9/10/2012','SYSTEM','SYSTEM',1),
(129,'Luxembourg','Grand Duchy of Luxembourg','LUX',NULL,0,1,'9/10/2012','9/10/2012','SYSTEM','SYSTEM',1),
(130,'Macao','The Macao Special Administrative Region','MAC',NULL,0,1,'9/10/2012','9/10/2012','SYSTEM','SYSTEM',1),
(131,'Macedonia','The Former Yugoslav Republic of Macedonia','MKD',NULL,0,1,'9/10/2012','9/10/2012','SYSTEM','SYSTEM',1),
(132,'Madagascar','Republic of Madagascar','MDG',NULL,0,1,'9/10/2012','9/10/2012','SYSTEM','SYSTEM',1),
(133,'Malawi','Republic of Malawi','MWI',NULL,0,1,'9/10/2012','9/10/2012','SYSTEM','SYSTEM',1),
(134,'Malaysia','Malaysia','MYS',NULL,0,1,'9/10/2012','9/10/2012','SYSTEM','SYSTEM',1),
(135,'Maldives','Republic of Maldives','MDV',NULL,0,1,'9/10/2012','9/10/2012','SYSTEM','SYSTEM',1),
(136,'Mali','Republic of Mali','MLI',NULL,0,1,'9/10/2012','9/10/2012','SYSTEM','SYSTEM',1),
(137,'Malta','Republic of Malta','MLT',NULL,0,1,'9/10/2012','9/10/2012','SYSTEM','SYSTEM',1),
(138,'Marshall Islands','Republic of the Marshall Islands','MHL',NULL,0,1,'9/10/2012','9/10/2012','SYSTEM','SYSTEM',1),
(139,'Martinique','Martinique','MTQ',NULL,0,1,'9/10/2012','9/10/2012','SYSTEM','SYSTEM',1),
(140,'Mauritania','Islamic Republic of Mauritania','MRT',NULL,0,1,'9/10/2012','9/10/2012','SYSTEM','SYSTEM',1),
(141,'Mauritius','Republic of Mauritius','MUS',NULL,0,1,'9/10/2012','9/10/2012','SYSTEM','SYSTEM',1),
(142,'Mayotte','Mayotte','MYT',NULL,0,1,'9/10/2012','9/10/2012','SYSTEM','SYSTEM',1),
(143,'Mexico','United Mexican States','MEX',NULL,0,1,'9/10/2012','9/10/2012','SYSTEM','SYSTEM',1),
(144,'Micronesia','Federated States of Micronesia','FSM',NULL,0,1,'9/10/2012','9/10/2012','SYSTEM','SYSTEM',1),
(145,'Moldava','Republic of Moldova','MDA',NULL,0,1,'9/10/2012','9/10/2012','SYSTEM','SYSTEM',1),
(146,'Monaco','Principality of Monaco','MCO',NULL,0,1,'9/10/2012','9/10/2012','SYSTEM','SYSTEM',1),
(147,'Mongolia','Mongolia','MNG',NULL,0,1,'9/10/2012','9/10/2012','SYSTEM','SYSTEM',1),
(148,'Montenegro','Montenegro','MNE',NULL,0,1,'9/10/2012','9/10/2012','SYSTEM','SYSTEM',1),
(149,'Montserrat','Montserrat','MSR',NULL,0,1,'9/10/2012','9/10/2012','SYSTEM','SYSTEM',1),
(150,'Morocco','Kingdom of Morocco','MAR',NULL,0,1,'9/10/2012','9/10/2012','SYSTEM','SYSTEM',1),
(151,'Mozambique','Republic of Mozambique','MOZ',NULL,0,1,'9/10/2012','9/10/2012','SYSTEM','SYSTEM',1),
(152,'Myanmar (Burma)','Republic of the Union of Myanmar','MMR',NULL,0,1,'9/10/2012','9/10/2012','SYSTEM','SYSTEM',1),
(153,'Namibia','Republic of Namibia','NAM',NULL,0,1,'9/10/2012','9/10/2012','SYSTEM','SYSTEM',1),
(154,'Nauru','Republic of Nauru','NRU',NULL,0,1,'9/10/2012','9/10/2012','SYSTEM','SYSTEM',1),
(155,'Nepal','Federal Democratic Republic of Nepal','NPL',NULL,0,1,'9/10/2012','9/10/2012','SYSTEM','SYSTEM',1),
(156,'Netherlands','Kingdom of the Netherlands','NLD',NULL,0,1,'9/10/2012','9/10/2012','SYSTEM','SYSTEM',1),
(157,'New Caledonia','New Caledonia','NCL',NULL,0,1,'9/10/2012','9/10/2012','SYSTEM','SYSTEM',1),
(158,'New Zealand','New Zealand','NZL',NULL,0,1,'9/10/2012','9/10/2012','SYSTEM','SYSTEM',1),
(159,'Nicaragua','Republic of Nicaragua','NIC',NULL,0,1,'9/10/2012','9/10/2012','SYSTEM','SYSTEM',1),
(160,'Niger','Republic of Niger','NER',NULL,0,1,'9/10/2012','9/10/2012','SYSTEM','SYSTEM',1),
(161,'Nigeria','Federal Republic of Nigeria','NGA',NULL,0,1,'9/10/2012','9/10/2012','SYSTEM','SYSTEM',1),
(162,'Niue','Niue','NIU',NULL,0,1,'9/10/2012','9/10/2012','SYSTEM','SYSTEM',1),
(163,'Norfolk Island','Norfolk Island','NFK',NULL,0,1,'9/10/2012','9/10/2012','SYSTEM','SYSTEM',1),
(164,'North Korea','Democratic People''s Republic of Korea','PRK',NULL,0,1,'9/10/2012','9/10/2012','SYSTEM','SYSTEM',1),
(165,'Northern Mariana Islands','Northern Mariana Islands','MNP',NULL,0,1,'9/10/2012','9/10/2012','SYSTEM','SYSTEM',1),
(166,'Norway','Kingdom of Norway','NOR',NULL,0,1,'9/10/2012','9/10/2012','SYSTEM','SYSTEM',1),
(167,'Oman','Sultanate of Oman','OMN',NULL,0,1,'9/10/2012','9/10/2012','SYSTEM','SYSTEM',1),
(168,'Pakistan','Islamic Republic of Pakistan','PAK',NULL,0,1,'9/10/2012','9/10/2012','SYSTEM','SYSTEM',1),
(169,'Palau','Republic of Palau','PLW',NULL,0,1,'9/10/2012','9/10/2012','SYSTEM','SYSTEM',1),
(170,'Palestine','State of Palestine (or Occupied Palestinian Territory)','PSE',NULL,0,1,'9/10/2012','9/10/2012','SYSTEM','SYSTEM',1),
(171,'Panama','Republic of Panama','PAN',NULL,0,1,'9/10/2012','9/10/2012','SYSTEM','SYSTEM',1),
(172,'Papua New Guinea','Independent State of Papua New Guinea','PNG',NULL,0,1,'9/10/2012','9/10/2012','SYSTEM','SYSTEM',1),
(173,'Paraguay','Republic of Paraguay','PRY',NULL,0,1,'9/10/2012','9/10/2012','SYSTEM','SYSTEM',1),
(174,'Peru','Republic of Peru','PER',NULL,0,1,'9/10/2012','9/10/2012','SYSTEM','SYSTEM',1),
(175,'Phillipines','Republic of the Philippines','PHL',NULL,0,1,'9/10/2012','9/10/2012','SYSTEM','SYSTEM',1),
(176,'Pitcairn','Pitcairn','PCN',NULL,0,1,'9/10/2012','9/10/2012','SYSTEM','SYSTEM',1),
(177,'Poland','Republic of Poland','POL',NULL,0,1,'9/10/2012','9/10/2012','SYSTEM','SYSTEM',1),
(178,'Portugal','Portuguese Republic','PRT',NULL,0,1,'9/10/2012','9/10/2012','SYSTEM','SYSTEM',1),
(179,'Puerto Rico','Commonwealth of Puerto Rico','PRI',NULL,0,1,'9/10/2012','9/10/2012','SYSTEM','SYSTEM',1),
(180,'Qatar','State of Qatar','QAT',NULL,0,1,'9/10/2012','9/10/2012','SYSTEM','SYSTEM',1),
(181,'Reunion','R&eacute;union','REU',NULL,0,1,'9/10/2012','9/10/2012','SYSTEM','SYSTEM',1),
(182,'Romania','Romania','ROU',NULL,0,1,'9/10/2012','9/10/2012','SYSTEM','SYSTEM',1),
(183,'Russia','Russian Federation','RUS',NULL,0,1,'9/10/2012','9/10/2012','SYSTEM','SYSTEM',1),
(184,'Rwanda','Republic of Rwanda','RWA',NULL,0,1,'9/10/2012','9/10/2012','SYSTEM','SYSTEM',1),
(185,'Saint Barthelemy','Saint Barth&eacute;lemy','BLM',NULL,0,1,'9/10/2012','9/10/2012','SYSTEM','SYSTEM',1),
(186,'Saint Helena','Saint Helena, Ascension and Tristan da Cunha','SHN',NULL,0,1,'9/10/2012','9/10/2012','SYSTEM','SYSTEM',1),
(187,'Saint Kitts and Nevis','Federation of Saint Christopher and Nevis','KNA',NULL,0,1,'9/10/2012','9/10/2012','SYSTEM','SYSTEM',1),
(188,'Saint Lucia','Saint Lucia','LCA',NULL,0,1,'9/10/2012','9/10/2012','SYSTEM','SYSTEM',1),
(189,'Saint Martin','Saint Martin','MAF',NULL,0,1,'9/10/2012','9/10/2012','SYSTEM','SYSTEM',1),
(190,'Saint Pierre and Miquelon','Saint Pierre and Miquelon','SPM',NULL,0,1,'9/10/2012','9/10/2012','SYSTEM','SYSTEM',1),
(191,'Saint Vincent and the Grenadines','Saint Vincent and the Grenadines','VCT',NULL,0,1,'9/10/2012','9/10/2012','SYSTEM','SYSTEM',1),
(192,'Samoa','Independent State of Samoa','WSM',NULL,0,1,'9/10/2012','9/10/2012','SYSTEM','SYSTEM',1),
(193,'San Marino','Republic of San Marino','SMR',NULL,0,1,'9/10/2012','9/10/2012','SYSTEM','SYSTEM',1),
(194,'Sao Tome and Principe','Democratic Republic of S&atilde;o Tom&eacute; and Pr&iacute;ncipe','STP',NULL,0,1,'9/10/2012','9/10/2012','SYSTEM','SYSTEM',1),
(195,'Saudi Arabia','Kingdom of Saudi Arabia','SAU',NULL,0,1,'9/10/2012','9/10/2012','SYSTEM','SYSTEM',1),
(196,'Senegal','Republic of Senegal','SEN',NULL,0,1,'9/10/2012','9/10/2012','SYSTEM','SYSTEM',1),
(197,'Serbia','Republic of Serbia','SRB',NULL,0,1,'9/10/2012','9/10/2012','SYSTEM','SYSTEM',1),
(198,'Seychelles','Republic of Seychelles','SYC',NULL,0,1,'9/10/2012','9/10/2012','SYSTEM','SYSTEM',1),
(199,'Sierra Leone','Republic of Sierra Leone','SLE',NULL,0,1,'9/10/2012','9/10/2012','SYSTEM','SYSTEM',1),
(200,'Singapore','Republic of Singapore','SGP',NULL,0,1,'9/10/2012','9/10/2012','SYSTEM','SYSTEM',1),
(201,'Sint Maarten','Sint Maarten','SXM',NULL,0,1,'9/10/2012','9/10/2012','SYSTEM','SYSTEM',1),
(202,'Slovakia','Slovak Republic','SVK',NULL,0,1,'9/10/2012','9/10/2012','SYSTEM','SYSTEM',1),
(203,'Slovenia','Republic of Slovenia','SVN',NULL,0,1,'9/10/2012','9/10/2012','SYSTEM','SYSTEM',1),
(204,'Solomon Islands','Solomon Islands','SLB',NULL,0,1,'9/10/2012','9/10/2012','SYSTEM','SYSTEM',1),
(205,'Somalia','Somali Republic','SOM',NULL,0,1,'9/10/2012','9/10/2012','SYSTEM','SYSTEM',1),
(206,'South Africa','Republic of South Africa','ZAF',NULL,0,1,'9/10/2012','9/10/2012','SYSTEM','SYSTEM',1),
(207,'South Georgia and the South Sandwich Islands','South Georgia and the South Sandwich Islands','SGS',NULL,0,1,'9/10/2012','9/10/2012','SYSTEM','SYSTEM',1),
(208,'South Korea','Republic of Korea','KOR',NULL,0,1,'9/10/2012','9/10/2012','SYSTEM','SYSTEM',1),
(209,'South Sudan','Republic of South Sudan','SSD',NULL,0,1,'9/10/2012','9/10/2012','SYSTEM','SYSTEM',1),
(210,'Spain','Kingdom of Spain','ESP',NULL,0,1,'9/10/2012','9/10/2012','SYSTEM','SYSTEM',1),
(211,'Sri Lanka','Democratic Socialist Republic of Sri Lanka','LKA',NULL,0,1,'9/10/2012','9/10/2012','SYSTEM','SYSTEM',1),
(212,'Sudan','Republic of the Sudan','SDN',NULL,0,1,'9/10/2012','9/10/2012','SYSTEM','SYSTEM',1),
(213,'Suriname','Republic of Suriname','SUR',NULL,0,1,'9/10/2012','9/10/2012','SYSTEM','SYSTEM',1),
(214,'Svalbard and Jan Mayen','Svalbard and Jan Mayen','SJM',NULL,0,1,'9/10/2012','9/10/2012','SYSTEM','SYSTEM',1),
(215,'Swaziland','Kingdom of Swaziland','SWZ',NULL,0,1,'9/10/2012','9/10/2012','SYSTEM','SYSTEM',1),
(216,'Sweden','Kingdom of Sweden','SWE',NULL,0,1,'9/10/2012','9/10/2012','SYSTEM','SYSTEM',1),
(217,'Switzerland','Swiss Confederation','CHE',NULL,0,1,'9/10/2012','9/10/2012','SYSTEM','SYSTEM',1),
(218,'Syria','Syrian Arab Republic','SYR',NULL,0,1,'9/10/2012','9/10/2012','SYSTEM','SYSTEM',1),
(219,'Taiwan','Republic of China (Taiwan)','TWN',NULL,0,1,'9/10/2012','9/10/2012','SYSTEM','SYSTEM',1),
(220,'Tajikistan','Republic of Tajikistan','TJK',NULL,0,1,'9/10/2012','9/10/2012','SYSTEM','SYSTEM',1),
(221,'Tanzania','United Republic of Tanzania','TZA',NULL,0,1,'9/10/2012','9/10/2012','SYSTEM','SYSTEM',1),
(222,'Thailand','Kingdom of Thailand','THA',NULL,0,1,'9/10/2012','9/10/2012','SYSTEM','SYSTEM',1),
(223,'Timor-Leste (East Timor)','Democratic Republic of Timor-Leste','TLS',NULL,0,1,'9/10/2012','9/10/2012','SYSTEM','SYSTEM',1),
(224,'Togo','Togolese Republic','TGO',NULL,0,1,'9/10/2012','9/10/2012','SYSTEM','SYSTEM',1),
(225,'Tokelau','Tokelau','TKL',NULL,0,1,'9/10/2012','9/10/2012','SYSTEM','SYSTEM',1),
(226,'Tonga','Kingdom of Tonga','TON',NULL,0,1,'9/10/2012','9/10/2012','SYSTEM','SYSTEM',1),
(227,'Trinidad and Tobago','Republic of Trinidad and Tobago','TTO',NULL,0,1,'9/10/2012','9/10/2012','SYSTEM','SYSTEM',1),
(228,'Tunisia','Republic of Tunisia','TUN',NULL,0,1,'9/10/2012','9/10/2012','SYSTEM','SYSTEM',1),
(229,'Turkey','Republic of Turkey','TUR',NULL,0,1,'9/10/2012','9/10/2012','SYSTEM','SYSTEM',1),
(230,'Turkmenistan','Turkmenistan','TKM',NULL,0,1,'9/10/2012','9/10/2012','SYSTEM','SYSTEM',1),
(231,'Turks and Caicos Islands','Turks and Caicos Islands','TCA',NULL,0,1,'9/10/2012','9/10/2012','SYSTEM','SYSTEM',1),
(232,'Tuvalu','Tuvalu','TUV',NULL,0,1,'9/10/2012','9/10/2012','SYSTEM','SYSTEM',1),
(233,'Uganda','Republic of Uganda','UGA',NULL,0,1,'9/10/2012','9/10/2012','SYSTEM','SYSTEM',1),
(234,'Ukraine','Ukraine','UKR',NULL,0,1,'9/10/2012','9/10/2012','SYSTEM','SYSTEM',1),
(235,'United Arab Emirates','United Arab Emirates','ARE',NULL,0,1,'9/10/2012','9/10/2012','SYSTEM','SYSTEM',1),
(236,'United Kingdom','United Kingdom of Great Britain and Nothern Ireland','GBR',NULL,0,1,'9/10/2012','9/10/2012','SYSTEM','SYSTEM',1),
(237,'United States Minor Outlying Islands','United States Minor Outlying Islands','UMI',NULL,0,1,'9/10/2012','9/10/2012','SYSTEM','SYSTEM',1),
(238,'Uruguay','Eastern Republic of Uruguay','URY',NULL,0,1,'9/10/2012','9/10/2012','SYSTEM','SYSTEM',1),
(239,'Uzbekistan','Republic of Uzbekistan','UZB',NULL,0,1,'9/10/2012','9/10/2012','SYSTEM','SYSTEM',1),
(240,'Vanuatu','Republic of Vanuatu','VUT',NULL,0,1,'9/10/2012','9/10/2012','SYSTEM','SYSTEM',1),
(241,'Vatican City','State of the Vatican City','VAT',NULL,0,1,'9/10/2012','9/10/2012','SYSTEM','SYSTEM',1),
(242,'Venezuela','Bolivarian Republic of Venezuela','VEN',NULL,0,1,'9/10/2012','9/10/2012','SYSTEM','SYSTEM',1),
(243,'Vietnam','Socialist Republic of Vietnam','VNM',NULL,0,1,'9/10/2012','9/10/2012','SYSTEM','SYSTEM',1),
(244,'Virgin Islands, British','British Virgin Islands','VGB',NULL,0,1,'9/10/2012','9/10/2012','SYSTEM','SYSTEM',1),
(245,'Virgin Islands, US','Virgin Islands of the United States','VIR',NULL,0,1,'9/10/2012','9/10/2012','SYSTEM','SYSTEM',1),
(246,'Wallis and Futuna','Wallis and Futuna','WLF',NULL,0,1,'9/10/2012','9/10/2012','SYSTEM','SYSTEM',1),
(247,'Western Sahara','Western Sahara','ESH',NULL,0,1,'9/10/2012','9/10/2012','SYSTEM','SYSTEM',1),
(248,'Yemen','Republic of Yemen','YEM',NULL,0,1,'9/10/2012','9/10/2012','SYSTEM','SYSTEM',1),
(249,'Zambia','Republic of Zambia','ZMB',NULL,0,1,'9/10/2012','9/10/2012','SYSTEM','SYSTEM',1),
(250,'Zimbabwe','Republic of Zimbabwe','ZWE',NULL,0,1,'9/10/2012','9/10/2012','SYSTEM','SYSTEM',1)

GO
INSERT INTO [dbo].[State]
           ([Id]
           ,[Name]
           ,[Abbr]
           ,[SortOrder]
           ,[Status]
           ,[CreatedOn]
           ,[UpdatedOn]
           ,[CreatedBy]
           ,[UpdatedBy]
           ,[IsActive])
     VALUES
           (1,'Alabama','AL',1,1,'2012/09/14','2012/09/14','SYSTEM','SYSTEM',1),
(2,'Alaska','AK',2,1,'2012/09/14','2012/09/14','SYSTEM','SYSTEM',1),
(3,'Arizona','AZ',3,1,'2012/09/14','2012/09/14','SYSTEM','SYSTEM',1),
(4,'Arkansas','AR',4,1,'2012/09/14','2012/09/14','SYSTEM','SYSTEM',1),
(5,'California','CA',5,1,'2012/09/14','2012/09/14','SYSTEM','SYSTEM',1),
(6,'Colorado','CO',6,1,'2012/09/14','2012/09/14','SYSTEM','SYSTEM',1),
(7,'Connecticut','CT',7,1,'2012/09/14','2012/09/14','SYSTEM','SYSTEM',1),
(8,'Delaware','DE',8,1,'2012/09/14','2012/09/14','SYSTEM','SYSTEM',1),
(9,'District of Columbia','DC',9,1,'2012/09/14','2012/09/14','SYSTEM','SYSTEM',1),
(10,'Florida','FL',10,1,'2012/09/14','2012/09/14','SYSTEM','SYSTEM',1),
(11,'Georgia','GA',11,1,'2012/09/14','2012/09/14','SYSTEM','SYSTEM',1),
(12,'Hawaii','HI',12,1,'2012/09/14','2012/09/14','SYSTEM','SYSTEM',1),
(13,'Idaho','ID',13,1,'2012/09/14','2012/09/14','SYSTEM','SYSTEM',1),
(14,'Illinois','IL',14,1,'2012/09/14','2012/09/14','SYSTEM','SYSTEM',1),
(15,'Indiana','IN',15,1,'2012/09/14','2012/09/14','SYSTEM','SYSTEM',1),
(16,'Iowa','IA',16,1,'2012/09/14','2012/09/14','SYSTEM','SYSTEM',1),
(17,'Kansas','KS',17,1,'2012/09/14','2012/09/14','SYSTEM','SYSTEM',1),
(18,'Kentucky','KY',18,1,'2012/09/14','2012/09/14','SYSTEM','SYSTEM',1),
(19,'Louisiana','LA',19,1,'2012/09/14','2012/09/14','SYSTEM','SYSTEM',1),
(20,'Maine','ME',20,1,'2012/09/14','2012/09/14','SYSTEM','SYSTEM',1),
(21,'Maryland','MD',21,1,'2012/09/14','2012/09/14','SYSTEM','SYSTEM',1),
(22,'Massachusetts','MA',22,1,'2012/09/14','2012/09/14','SYSTEM','SYSTEM',1),
(23,'Michigan','MI',23,1,'2012/09/14','2012/09/14','SYSTEM','SYSTEM',1),
(24,'Minnesota','MN',24,1,'2012/09/14','2012/09/14','SYSTEM','SYSTEM',1),
(25,'Mississippi','MS',25,1,'2012/09/14','2012/09/14','SYSTEM','SYSTEM',1),
(26,'Missouri','MO',26,1,'2012/09/14','2012/09/14','SYSTEM','SYSTEM',1),
(27,'Montana','MT',27,1,'2012/09/14','2012/09/14','SYSTEM','SYSTEM',1),
(28,'Nebraska','NE',28,1,'2012/09/14','2012/09/14','SYSTEM','SYSTEM',1),
(29,'Nevada','NV',29,1,'2012/09/14','2012/09/14','SYSTEM','SYSTEM',1),
(30,'New Hampshire','NH',30,1,'2012/09/14','2012/09/14','SYSTEM','SYSTEM',1),
(31,'New Jersey','NJ',31,1,'2012/09/14','2012/09/14','SYSTEM','SYSTEM',1),
(32,'New Mexico','NM',32,1,'2012/09/14','2012/09/14','SYSTEM','SYSTEM',1),
(33,'New York','NY',33,1,'2012/09/14','2012/09/14','SYSTEM','SYSTEM',1),
(34,'North Carolina','NC',34,1,'2012/09/14','2012/09/14','SYSTEM','SYSTEM',1),
(35,'North Dakota','ND',35,1,'2012/09/14','2012/09/14','SYSTEM','SYSTEM',1),
(36,'Ohio','OH',36,1,'2012/09/14','2012/09/14','SYSTEM','SYSTEM',1),
(37,'Oklahoma','OK',37,1,'2012/09/14','2012/09/14','SYSTEM','SYSTEM',1),
(38,'Oregon','OR',38,1,'2012/09/14','2012/09/14','SYSTEM','SYSTEM',1),
(39,'Pennsylvania','PA',39,1,'2012/09/14','2012/09/14','SYSTEM','SYSTEM',1),
(40,'Rhode Island','RI',40,1,'2012/09/14','2012/09/14','SYSTEM','SYSTEM',1),
(41,'South Carolina','SC',41,1,'2012/09/14','2012/09/14','SYSTEM','SYSTEM',1),
(42,'South Dakota','SD',42,1,'2012/09/14','2012/09/14','SYSTEM','SYSTEM',1),
(43,'Tennessee','TN',43,1,'2012/09/14','2012/09/14','SYSTEM','SYSTEM',1),
(44,'Texas','TX',44,1,'2012/09/14','2012/09/14','SYSTEM','SYSTEM',1),
(45,'Utah','UT',45,1,'2012/09/14','2012/09/14','SYSTEM','SYSTEM',1),
(46,'Vermont','VT',46,1,'2012/09/14','2012/09/14','SYSTEM','SYSTEM',1),
(47,'Virginia','VA',47,1,'2012/09/14','2012/09/14','SYSTEM','SYSTEM',1),
(48,'Washington','WA',48,1,'2012/09/14','2012/09/14','SYSTEM','SYSTEM',1),
(49,'West Virginia','WV',49,1,'2012/09/14','2012/09/14','SYSTEM','SYSTEM',1),
(50,'Wisconsin','WI',50,1,'2012/09/14','2012/09/14','SYSTEM','SYSTEM',1),
(51,'Wyoming','WY',51,1,'2012/09/14','2012/09/14','SYSTEM','SYSTEM',1)
GO

INSERT INTO [dbo].[CountryState]
           ([CountryId]
           ,[StateId])
     VALUES
           (1,1),
(1,2),
(1,3),
(1,4),
(1,5),
(1,6),
(1,7),
(1,8),
(1,9),
(1,10),
(1,11),
(1,12),
(1,13),
(1,14),
(1,15),
(1,16),
(1,17),
(1,18),
(1,19),
(1,20),
(1,21),
(1,22),
(1,23),
(1,24),
(1,25),
(1,26),
(1,27),
(1,28),
(1,29),
(1,30),
(1,31),
(1,32),
(1,33),
(1,34),
(1,35),
(1,36),
(1,37),
(1,38),
(1,39),
(1,40),
(1,41),
(1,42),
(1,43),
(1,44),
(1,45),
(1,46),
(1,47),
(1,48),
(1,49),
(1,50),
(1,51)

GO
